{"cameraMode":{"drawMode":0,"name":"Shaded","section":"Shading Mode"},"sceneLighting":false,"audioPlay":false,"sceneViewState":{"m_AlwaysRefresh":false,"showFog":true,"showSkybox":false,"showFlares":true,"showImageEffects":true,"showParticleSystems":true,"showVisualEffectGraphs":true,"m_FxEnabled":false},"in2DMode":false,"pivot":{"x":0.02226439118385315,"y":0.7814799547195435,"z":0.4024534821510315},"rotation":{"x":0.00874877255409956,"y":-0.9702727794647217,"z":0.23930470645427705,"w":0.03553512692451477},"size":1.407075047492981,"orthographic":false}