{"cameraMode":{"drawMode":0,"name":"Shaded","section":"Shading Mode"},"sceneLighting":false,"audioPlay":false,"sceneViewState":{"m_AlwaysRefresh":false,"showFog":true,"showSkybox":false,"showFlares":true,"showImageEffects":true,"showParticleSystems":true,"showVisualEffectGraphs":true,"m_FxEnabled":false},"in2DMode":false,"pivot":{"x":1.0174000263214112,"y":0.8483186960220337,"z":2.4575634002685549},"rotation":{"x":-0.07222850620746613,"y":0.8967093825340271,"z":-0.15929435193538667,"w":-0.40659093856811526},"size":1.5073950290679932,"orthographic":false}