{"cameraMode":{"drawMode":0,"name":"Shaded","section":"Shading Mode"},"sceneLighting":false,"audioPlay":false,"sceneViewState":{"m_AlwaysRefresh":false,"showFog":true,"showSkybox":false,"showFlares":true,"showImageEffects":true,"showParticleSystems":true,"showVisualEffectGraphs":true,"m_FxEnabled":false},"in2DMode":false,"pivot":{"x":-0.274221271276474,"y":1.5244379043579102,"z":0.4250366687774658},"rotation":{"x":0.005549021065235138,"y":0.9599226713180542,"z":-0.019015470519661905,"w":0.2796590030193329},"size":1.2351619005203248,"orthographic":false}